"","ID","age","iq","iq_z_scores","total_depression_beck"
"1",1,22,100,0,32
"2",2,30,123,1.53333333333333,36
"3",3,41,111,0.733333333333333,34
"4",4,45,130,2,46
"5",5,18,90,-0.666666666666667,30
"6",6,21,102,0.133333333333333,53
"7",7,23,88,-0.8,40
"8",8,45,109,0.6,15
